timestamp_utc,spot_id,spot_label,status,status_since_utc,track_id,vehicle_type,confidence,dwell_seconds,bbox_x1,bbox_y1,bbox_x2,bbox_y2
2026-09-30T17:00:20.565193+00:00,spot_1,Spot 1,Empty,2026-09-29T00:10:40.014728+00:00,,,,,,,,
2026-09-30T17:00:20.565193+00:00,spot_2,Spot 2,Empty,2026-09-29T21:30:21.251167+00:00,,,,,,,,
2026-09-30T17:00:20.565193+00:00,spot_3,Spot 3,Empty,2026-09-30T14:25:16.086220+00:00,,,,,,,,
2026-09-30T17:00:20.565193+00:00,spot_4,Spot 4,Occupied,2026-09-30T17:00:20.565193+00:00,682,car,0.8482564091682434,0,392.8265380859375,330.25469970703125,446.9034423828125,368.2646484375
2026-09-30T17:00:20.565193+00:00,spot_5,Spot 5,Empty,2026-09-30T17:00:20.565193+00:00,,,,,,,,
2026-09-30T17:00:20.565193+00:00,spot_6,Spot 6,Occupied,2026-09-30T17:00:20.565193+00:00,684,truck,0.7347941398620605,0,278.3074645996094,320.36761474609375,359.8697814941406,368.97802734375
2026-09-30T17:00:20.565193+00:00,spot_7,Spot 7,Occupied,2026-09-30T17:00:20.565193+00:00,687,car,0.5403372049331665,0,255.87698364257812,329.25439453125,280.9070739746094,360.2664794921875
2026-09-30T17:00:20.565193+00:00,spot_8,Spot 8,Occupied,2026-09-30T17:00:20.565193+00:00,681,car,0.8641985058784485,0,183.65440368652344,328.8732604980469,247.33116149902344,356.0243835449219
2026-09-30T17:00:20.565193+00:00,spot_9,Spot 9,Occupied,2026-09-30T17:00:20.565193+00:00,683,car,0.7583428621292114,0,141.11019897460938,322.5630798339844,205.22824096679688,353.7622985839844
2026-09-30T17:00:20.565193+00:00,spot_10,Spot 10,Empty,2026-09-30T16:40:13.229974+00:00,,,,,,,,
2026-09-30T17:00:20.565193+00:00,spot_11,Spot 11,Occupied,2026-09-30T17:00:20.565193+00:00,688,car,0.5028526782989502,0,112.70150756835938,318.04632568359375,171.8323974609375,346.04913330078125
2026-09-30T17:00:20.565193+00:00,spot_12,Spot 12,Occupied,2026-09-30T17:00:20.565193+00:00,685,car,0.6251697540283203,0,95.55247497558594,322.7034912109375,127.60787963867188,342.8985595703125
2026-09-30T17:00:20.565193+00:00,spot_13,Spot 13,Occupied,2026-09-30T17:00:20.565193+00:00,686,car,0.6031578183174133,0,79.6287841796875,319.02276611328125,112.515380859375,339.55621337890625
2026-09-30T17:00:20.565193+00:00,spot_14,Spot 14,Occupied,2026-09-30T17:00:20.565193+00:00,689,car,0.36866623163223267,0,64.35965728759766,319.5327453613281,86.1231460571289,337.7015686035156
2026-09-30T17:00:20.565193+00:00,spot_15,Spot 15,Empty,2026-09-30T17:00:20.565193+00:00,,,,,,,,
2026-09-30T17:00:20.565193+00:00,spot_16,Spot 16,Empty,2026-09-30T16:55:16.666155+00:00,,,,,,,,
2026-09-30T17:00:20.565193+00:00,spot_17,Spot 17,Empty,2026-09-29T00:10:40.014821+00:00,,,,,,,,
2026-09-30T17:05:20.703827+00:00,spot_1,Spot 1,Empty,2026-09-29T00:10:40.014728+00:00,,,,,,,,
2026-09-30T17:05:20.703827+00:00,spot_2,Spot 2,Empty,2026-09-29T21:30:21.251167+00:00,,,,,,,,
2026-09-30T17:05:20.703827+00:00,spot_3,Spot 3,Empty,2026-09-30T14:25:16.086220+00:00,,,,,,,,
2026-09-30T17:05:20.703827+00:00,spot_4,Spot 4,Occupied,2026-09-30T17:05:20.703827+00:00,698,car,0.3577038049697876,0,399.94244384765625,329.88470458984375,447.01336669921875,355.37994384765625
2026-09-30T17:05:20.703827+00:00,spot_5,Spot 5,Empty,2026-09-30T17:00:20.565193+00:00,,,,,,,,
2026-09-30T17:05:20.703827+00:00,spot_6,Spot 6,Empty,2026-09-30T17:05:20.703827+00:00,,,,,,,,
2026-09-30T17:05:20.703827+00:00,spot_7,Spot 7,Occupied,2026-09-30T17:05:20.703827+00:00,691,car,0.8034582734107971,0,255.72628784179688,328.04010009765625,316.0403137207031,360.679443359375
2026-09-30T17:05:20.703827+00:00,spot_8,Spot 8,Occupied,2026-09-30T17:05:20.703827+00:00,690,car,0.8587538599967957,0,183.55807495117188,328.65960693359375,247.57452392578125,356.105712890625
2026-09-30T17:05:20.703827+00:00,spot_9,Spot 9,Occupied,2026-09-30T17:05:20.703827+00:00,692,car,0.7597671151161194,0,142.716552734375,322.7144775390625,203.89337158203125,353.986328125
2026-09-30T17:05:20.703827+00:00,spot_10,Spot 10,Empty,2026-09-30T16:40:13.229974+00:00,,,,,,,,
2026-09-30T17:05:20.703827+00:00,spot_11,Spot 11,Occupied,2026-09-30T17:05:20.703827+00:00,697,car,0.37907126545906067,0,112.21672821044922,317.81219482421875,163.5145263671875,346.29229736328125
2026-09-30T17:05:20.703827+00:00,spot_12,Spot 12,Occupied,2026-09-30T17:05:20.703827+00:00,693,car,0.7226795554161072,0,95.14231872558594,322.99847412109375,127.53343200683594,342.74908447265625
2026-09-30T17:05:20.703827+00:00,spot_13,Spot 13,Occupied,2026-09-30T17:05:20.703827+00:00,695,car,0.5943509936332703,0,79.566650390625,319.416748046875,112.29933166503906,339.4810791015625
2026-09-30T17:05:20.703827+00:00,spot_14,Spot 14,Occupied,2026-09-30T17:05:20.703827+00:00,696,car,0.3939477205276489,0,62.80140686035156,319.7095031738281,87.86578369140625,337.9804382324219
2026-09-30T17:05:20.703827+00:00,spot_15,Spot 15,Empty,2026-09-30T17:00:20.565193+00:00,,,,,,,,
2026-09-30T17:05:20.703827+00:00,spot_16,Spot 16,Empty,2026-09-30T16:55:16.666155+00:00,,,,,,,,
2026-09-30T17:05:20.703827+00:00,spot_17,Spot 17,Empty,2026-09-29T00:10:40.014821+00:00,,,,,,,,
